name,站点类型,Lon,Lat,侧项类别,统计时间,更新时间,纬度,经度
成都地震基准台,有人值守,104,31,"测震,电磁,形变",2020年3月,48:09.0,,
松潘地震台,有人值守,104,33,"测震,电磁,流体",2020年3月,48:09.0,,
乡城地震台,有人值守,100,29,"测震,形变",2020年3月,48:09.0,,
姑咱地震台,有人值守,102,30,"测震,形变",2020年3月,48:09.0,,
巴塘地震台,有人值守,99,30,"测震,电磁",2020年3月,48:09.0,,
攀枝花基准台,有人值守,102,26,"测震,流体,形变",2020年3月,48:09.0,,
泸州地震台,有人值守,105,29,"测震,强震,形变",2020年3月,48:09.0,,
江油地震台,有人值守,105,32,电磁,2020年3月,48:09.0,,
马尔康地震台,有人值守,102,32,测震,2020年3月,48:09.0,,
康定地震中心站,有人值守,102,30,流体,2020年3月,48:09.0,,
九龙地震台,有人值守,102,29,"测震,电磁",2020年3月,48:09.0,,
姑咱水化综合台,有人值守,102,30,流体,2020年3月,48:09.0,,
康定地震台,有人值守,102,30,形变,2020年3月,48:09.0,,
燕子沟地震台,有人值守,102,30,"测震,形变",2020年3月,48:09.0,,
甘孜地震台,有人值守,100,32,"测震,形变,电磁,流体",2020年3月,48:09.0,,
道孚地震台,有人值守,101,31,"测震,电磁",2020年3月,48:09.0,,
南山地震台,有人值守,102,27,"形变,电磁",2020年3月,48:09.0,,
红格地震台,有人值守,102,27,电磁,2020年3月,48:09.0,,
四川省地震局测绘工程院,有人值守,103,30,形变,2020年3月,48:09.0,,
雅安地震台,有人值守,103,30,"测震,形变",2020年3月,48:09.0,,
西昌地震中心站,有人值守,102,28,"测震,形变,电磁,流体",2020年3月,48:09.0,,
小庙地震台,有人值守,102,28,"形变,电磁",2020年3月,48:09.0,,
冕宁地震台,有人值守,102,29,电磁,2020年3月,48:09.0,,
昭觉地震台,有人值守,103,28,流体,2020年3月,48:09.0,,
盐源地震台,有人值守,101,27,流体,2020年3月,48:09.0,,
西昌地磁台,有人值守,102,27,电磁,2020年3月,48:09.0,,
西昌水化综合台,有人值守,102,28,流体,2020年3月,48:09.0,,
马边地震台,有人值守,104,29,电磁,2020年3月,48:09.0,,
松潘川主寺地震台,无人值守,104,33,形变,2020年3月,48:09.0,,
炉霍虾拉沱地震台,无人值守,101,31,形变,2020年3月,48:09.0,,
龙灯坝蠕变动态观测前兆台,无人值守,101,31,形变,2020年3月,48:09.0,,
恰叫蠕变动态观测前兆台,无人值守,101,31,形变,2020年3月,48:09.0,,
沟普蠕变动态观测前兆台,无人值守,101,31,形变,2020年3月,48:09.0,,
紫马垮蠕变动态观测前兆台,无人值守,102,29,形变,2020年3月,48:09.0,,
老乾宁蠕变动态观测前兆台,无人值守,101,31,形变,2020年3月,48:09.0,,
虾拉沱蠕变动态观测前兆台,无人值守,101,31,形变,2020年3月,48:09.0,,
乐山凌云强震台,无人值守,104,30,强震,2020年3月,48:09.0,,
乐山沙湾强震台,无人值守,104,29,强震,2020年3月,48:09.0,,
乐山金口强震台,无人值守,103,29,强震,2020年3月,48:09.0,,
九寨勿角强震台,无人值守,104,33,强震,2020年3月,48:09.0,,
九寨永丰强震台,无人值守,104,33,强震,2020年3月,48:09.0,,
九寨百河强震台,无人值守,104,33,强震,2020年3月,48:09.0,,
九寨章扎强震台,无人值守,104,33,强震,2020年3月,48:09.0,,
九寨郭元强震台,无人值守,104,33,强震,2020年3月,48:09.0,,
九龙乃渠强震台,无人值守,102,29,强震,2020年3月,48:09.0,,
九龙气象强震台,无人值守,101,29,强震,2020年3月,48:09.0,,
乡城专业强震台,无人值守,100,29,强震,2020年3月,48:09.0,,
什邡八角强震台,无人值守,104,31,强震,2020年3月,48:09.0,,
什邡双盛强震台,无人值守,104,31,强震,2020年3月,48:09.0,,
会东地办强震台,无人值守,103,27,强震,2020年3月,48:09.0,,
会东新街强震台,无人值守,103,27,强震,2020年3月,48:09.0,,
会东铅锌强震台,无人值守,103,27,强震,2020年3月,48:09.0,,
会理云甸强震台,无人值守,102,27,强震,2020年3月,48:09.0,,
会理凤营强震台,无人值守,102,26,强震,2020年3月,48:09.0,,
会理地办强震台,无人值守,102,27,强震,2020年3月,48:09.0,,
会理外北强震台,无人值守,102,27,强震,2020年3月,48:09.0,,
会理白果强震台,无人值守,102,27,强震,2020年3月,48:09.0,,
冕宁专业强震台,无人值守,102,29,强震,2020年3月,48:09.0,,
冕宁后山强震台,无人值守,102,28,强震,2020年3月,48:09.0,,
冕宁回龙强震台,无人值守,102,28,强震,2020年3月,48:09.0,,
冕宁地办强震台,无人值守,102,29,强震,2020年3月,48:09.0,,
冕宁复兴强震台,无人值守,102,28,强震,2020年3月,48:09.0,,
冕宁大桥强震台,无人值守,102,29,强震,2020年3月,48:09.0,,
冕宁惠安强震台,无人值守,102,29,强震,2020年3月,48:09.0,,
冕宁拖乌强震台,无人值守,102,29,强震,2020年3月,48:09.0,,
冕宁曹古强震台,无人值守,102,29,强震,2020年3月,48:09.0,,
冕宁泸姑强震台,无人值守,102,28,强震,2020年3月,48:09.0,,
冕宁泽远强震台,无人值守,102,28,强震,2020年3月,48:09.0,,
冕宁漫水强震台,无人值守,102,28,强震,2020年3月,48:09.0,,
剑阁下寺强震台,无人值守,106,32,强震,2020年3月,48:09.0,,
剑阁中学强震台,无人值守,105,32,强震,2020年3月,48:09.0,,
北川地办强震台,无人值守,104,32,强震,2020年3月,48:09.0,,
北川坝底强震台,无人值守,104,32,强震,2020年3月,48:09.0,,
北川曲山强震台,无人值守,104,32,强震,2020年3月,48:09.0,,
北川永安强震台,无人值守,104,32,强震,2020年3月,48:09.0,,
北川治城强震台,无人值守,104,32,强震,2020年3月,48:09.0,,
名山科技强震台,无人值守,103,30,强震,2020年3月,48:09.0,,
喜德光明强震台,无人值守,102,28,强震,2020年3月,48:09.0,,
喜德冕山强震台,无人值守,102,28,强震,2020年3月,48:09.0,,
大邑银屏强震台,无人值守,104,31,强震,2020年3月,48:09.0,,
天全两路强震台,无人值守,102,30,强震,2020年3月,48:09.0,,
天全地办强震台,无人值守,103,30,强震,2020年3月,48:09.0,,
宁南松新强震台,无人值守,103,27,强震,2020年3月,48:09.0,,
宁南档案强震台,无人值守,103,27,强震,2020年3月,48:09.0,,
宁南老木强震台,无人值守,103,27,强震,2020年3月,48:09.0,,
宁南葫芦强震台,无人值守,103,27,强震,2020年3月,48:09.0,,
安县地办强震台,无人值守,104,32,强震,2020年3月,48:09.0,,
安县塔水强震台,无人值守,104,31,强震,2020年3月,48:09.0,,
安县花D强震台,无人值守,105,32,强震,2020年3月,48:09.0,,
宜宾南溪强震台,无人值守,105,29,强震,2020年3月,48:09.0,,
宜宾天池强震台,无人值守,105,29,强震,2020年3月,48:09.0,,
宜宾永兴强震台,无人值守,105,29,强震,2020年3月,48:09.0,,
宜宾观音强震台,无人值守,104,29,强震,2020年3月,48:09.0,,
宜宾长宁强震台,无人值守,105,29,强震,2020年3月,48:09.0,,
宜宾高场强震台,无人值守,104,29,强震,2020年3月,48:09.0,,
宝兴地办强震台,无人值守,103,30,强震,2020年3月,48:09.0,,
宝兴明礼强震台,无人值守,103,30,强震,2020年3月,48:09.0,,
宝兴民治强震台,无人值守,103,30,强震,2020年3月,48:09.0,,
宝兴盐井强震台,无人值守,103,31,强震,2020年3月,48:09.0,,
富顺板桥强震台,无人值守,105,29,强震,2020年3月,48:09.0,,
小金地办强震台,无人值守,102,31,强震,2020年3月,48:10.0,,
小金达维强震台,无人值守,103,31,强震,2020年3月,48:10.0,,
峨眉交大强震台,无人值守,103,30,强震,2020年3月,48:10.0,,
巴塘专业强震台,无人值守,99,30,强震,2020年3月,48:10.0,,
布拖地办强震台,无人值守,103,28,强震,2020年3月,48:10.0,,
布拖拖觉强震台,无人值守,103,28,强震,2020年3月,48:10.0,,
平武南坝强震台,无人值守,105,32,强震,2020年3月,48:10.0,,
平武地办强震台,无人值守,105,32,强震,2020年3月,48:10.0,,
平武平通强震台,无人值守,105,32,强震,2020年3月,48:10.0,,
平武木座强震台,无人值守,105,33,强震,2020年3月,48:10.0,,
广元东溪强震台,无人值守,106,33,强震,2020年3月,48:10.0,,
广元中区强震台,无人值守,106,32,强震,2020年3月,48:10.0,,
广元曾家强震台,无人值守,106,33,强震,2020年3月,48:10.0,,
广元羊木强震台,无人值守,106,32,强震,2020年3月,48:10.0,,
康定专业强震台,无人值守,102,30,强震,2020年3月,48:10.0,,
康定呷巴强震台,无人值守,102,30,强震,2020年3月,48:10.0,,
康定姑咱强震台,无人值守,102,30,强震,2020年3月,48:10.0,,
康定新都强震台,无人值守,101,30,强震,2020年3月,48:10.0,,
德昌农科强震台,无人值守,102,27,强震,2020年3月,48:10.0,,
德昌永郎强震台,无人值守,102,27,强震,2020年3月,48:10.0,,
德阳旌阳强震台,无人值守,104,31,强震,2020年3月,48:10.0,,
德阳白马强震台,无人值守,104,31,强震,2020年3月,48:10.0,,
成都中和强震台,无人值守,104,31,强震,2020年3月,48:10.0,,
攀枝乌龟强震台,无人值守,102,27,强震,2020年3月,48:10.0,,
攀枝仁和强震台,无人值守,102,26,强震,2020年3月,48:10.0,,
攀枝南山强震台,无人值守,102,27,强震,2020年3月,48:10.0,,
攀枝同德强震台,无人值守,102,27,强震,2020年3月,48:10.0,,
攀枝大田强震台,无人值守,102,26,强震,2020年3月,48:10.0,,
攀枝平地强震台,无人值守,102,26,强震,2020年3月,48:10.0,,
攀枝福田强震台,无人值守,101,27,强震,2020年3月,48:10.0,,
攀枝金江强震台,无人值守,102,27,强震,2020年3月,48:10.0,,
攀枝马兰强震台,无人值守,102,27,强震,2020年3月,48:10.0,,
新津梨花强震台,无人值守,104,30,强震,2020年3月,48:10.0,,
昭觉气象强震台,无人值守,103,28,强震,2020年3月,48:10.0,,
昭觉解放强震台,无人值守,103,28,强震,2020年3月,48:10.0,,
普格五道强震台,无人值守,102,28,强震,2020年3月,48:10.0,,
普格地办强震台,无人值守,103,27,强震,2020年3月,48:10.0,,
普格白水强震台,无人值守,103,27,强震,2020年3月,48:10.0,,
普格荞窝强震台,无人值守,103,27,强震,2020年3月,48:10.0,,
普格螺髻强震台,无人值守,102,28,强震,2020年3月,48:10.0,,
木里农机强震台,无人值守,101,28,强震,2020年3月,48:10.0,,
松潘专业强震台,无人值守,104,33,强震,2020年3月,48:10.0,,
松潘安宏强震台,无人值守,104,32,强震,2020年3月,48:10.0,,
松潘川主强震台,无人值守,104,33,强震,2020年3月,48:10.0,,
汉源乌斯强震台,无人值守,103,29,强震,2020年3月,48:10.0,,
汉源九襄强震台,无人值守,103,29,强震,2020年3月,48:10.0,,
汉源宜东强震台,无人值守,102,30,强震,2020年3月,48:10.0,,
汉源清溪强震台,无人值守,103,30,强震,2020年3月,48:10.0,,
汉源黑马强震台,无人值守,103,29,强震,2020年3月,48:10.0,,
江油专业强震台,无人值守,104,32,强震,2020年3月,48:10.0,,
江油含增强震台,无人值守,105,32,强震,2020年3月,48:10.0,,
江油武都强震台,无人值守,105,32,强震,2020年3月,48:10.0,,
江油重华强震台,无人值守,105,32,强震,2020年3月,48:10.0,,
汶川卧龙强震台,无人值守,103,31,强震,2020年3月,48:10.0,,
汶川地办强震台,无人值守,104,31,强震,2020年3月,48:10.0,,
沐川利店强震台,无人值守,104,29,强震,2020年3月,48:10.0,,
沐川幸福强震台,无人值守,104,29,强震,2020年3月,48:10.0,,
泸定冷碛强震台,无人值守,102,30,强震,2020年3月,48:10.0,,
泸定加郡强震台,无人值守,102,30,强震,2020年3月,48:10.0,,
泸定得妥强震台,无人值守,102,30,强震,2020年3月,48:10.0,,
泸定水厂强震台,无人值守,102,30,强震,2020年3月,48:10.0,,
泸定甘谷强震台,无人值守,102,30,强震,2020年3月,48:10.0,,
泸州专业强震台,无人值守,105,29,强震,2020年3月,48:10.0,,
洪雅科技强震台,无人值守,103,30,强震,2020年3月,48:10.0,,
炉霍专业强震台,无人值守,101,31,强震,2020年3月,48:10.0,,
炉霍侏倭强震台,无人值守,100,32,强震,2020年3月,48:10.0,,
炉霍地办强震台,无人值守,101,31,强震,2020年3月,48:10.0,,
炉霍旦都强震台,无人值守,100,32,强震,2020年3月,48:10.0,,
炉霍雅德强震台,无人值守,101,31,强震,2020年3月,48:10.0,,
犍为地办强震台,无人值守,104,29,强震,2020年3月,48:10.0,,
珙县中学强震台,无人值守,105,28,强震,2020年3月,48:10.0,,
理县木卡强震台,无人值守,103,32,强震,2020年3月,48:10.0,,
理县桃平强震台,无人值守,103,32,强震,2020年3月,48:10.0,,
理县沙坝强震台,无人值守,103,32,强震,2020年3月,48:10.0,,
理县米亚强震台,无人值守,103,32,强震,2020年3月,48:10.0,,
甘孜专业强震台,无人值守,100,32,强震,2020年3月,48:10.0,,
甘孜地办强震台,无人值守,100,32,强震,2020年3月,48:10.0,,
甘洛气象强震台,无人值守,103,29,强震,2020年3月,48:10.0,,
盐源卫城强震台,无人值守,102,27,强震,2020年3月,48:10.0,,
盐源干海强震台,无人值守,101,27,强震,2020年3月,48:10.0,,
盐源平川强震台,无人值守,102,28,强震,2020年3月,48:10.0,,
盐源梅雨强震台,无人值守,101,27,强震,2020年3月,48:10.0,,
盐源民中强震台,无人值守,102,27,强震,2020年3月,48:10.0,,
盐源泸沽强震台,无人值守,101,28,强震,2020年3月,48:10.0,,
盐源盐塘强震台,无人值守,101,27,强震,2020年3月,48:10.0,,
盐源金河强震台,无人值守,102,28,强震,2020年3月,48:10.0,,
盐边和爱强震台,无人值守,102,26,强震,2020年3月,48:10.0,,
盐边红格强震台,无人值守,102,27,强震,2020年3月,48:10.0,,
石棉先锋强震台,无人值守,102,29,强震,2020年3月,48:10.0,,
石棉挖角强震台,无人值守,102,29,强震,2020年3月,48:10.0,,
石棉擦罗强震台,无人值守,102,29,强震,2020年3月,48:10.0,,
石棉栗子强震台,无人值守,102,29,强震,2020年3月,48:10.0,,
石棉美罗强震台,无人值守,102,29,强震,2020年3月,48:10.0,,
石棉草科强震台,无人值守,102,29,强震,2020年3月,48:10.0,,
筠连地办强震台,无人值守,105,28,强震,2020年3月,48:10.0,,
米易撒连强震台,无人值守,102,27,强震,2020年3月,48:10.0,,
米易攀莲强震台,无人值守,101,27,强震,2020年3月,48:10.0,,
米易黄龙强震台,无人值守,102,27,强震,2020年3月,48:10.0,,
红原刷经强震台,无人值守,103,32,强震,2020年3月,48:10.0,,
绵竹兴隆强震台,无人值守,104,32,强震,2020年3月,48:10.0,,
绵竹清平强震台,无人值守,104,31,强震,2020年3月,48:10.0,,
自贡三元强震台,无人值守,105,29,强震,2020年3月,48:10.0,,
自贡九洪强震台,无人值守,105,29,强震,2020年3月,48:10.0,,
自贡代寺强震台,无人值守,105,29,强震,2020年3月,48:10.0,,
自贡台阵0强震台,无人值守,105,29,强震,2020年3月,48:10.0,,
自贡台阵1强震台,无人值守,105,29,强震,2020年3月,48:10.0,,
自贡台阵2强震台,无人值守,105,29,强震,2020年3月,48:10.0,,
自贡台阵3强震台,无人值守,105,29,强震,2020年3月,48:10.0,,
自贡台阵4强震台,无人值守,105,29,强震,2020年3月,48:10.0,,
自贡台阵5强震台,无人值守,105,29,强震,2020年3月,48:10.0,,
自贡台阵6强震台,无人值守,105,29,强震,2020年3月,48:10.0,,
自贡台阵7强震台,无人值守,105,29,强震,2020年3月,48:10.0,,
自贡长山强震台,无人值守,104,29,强震,2020年3月,48:10.0,,
芦山凤禾强震台,无人值守,103,30,强震,2020年3月,48:10.0,,
芦山计生强震台,无人值守,103,30,强震,2020年3月,48:10.0,,
芦山飞仙强震台,无人值守,103,30,强震,2020年3月,48:10.0,,
苍溪气象强震台,无人值守,106,32,强震,2020年3月,48:10.0,,
茂县南新强震台,无人值守,104,32,强震,2020年3月,48:10.0,,
茂县叠溪强震台,无人值守,104,32,强震,2020年3月,48:10.0,,
茂县地办强震台,无人值守,104,32,强震,2020年3月,48:10.0,,
茂县富顺强震台,无人值守,104,32,强震,2020年3月,48:10.0,,
茂县白溪强震台,无人值守,104,32,强震,2020年3月,48:10.0,,
荥经凰仪强震台,无人值守,103,30,强震,2020年3月,48:10.0,,
荥经石龙强震台,无人值守,103,30,强震,2020年3月,48:10.0,,
蒲江五星强震台,无人值守,104,30,强震,2020年3月,48:10.0,,
蒲江大兴强震台,无人值守,103,30,强震,2020年3月,48:10.0,,
西昌佑君强震台,无人值守,102,28,强震,2020年3月,48:10.0,,
西昌大石强震台,无人值守,102,28,强震,2020年3月,48:10.0,,
西昌小庙强震台,无人值守,102,28,强震,2020年3月,48:10.0,,
西昌川兴强震台,无人值守,102,28,强震,2020年3月,48:10.0,,
西昌州局强震台,无人值守,102,28,强震,2020年3月,48:10.0,,
西昌新村强震台,无人值守,102,28,强震,2020年3月,48:10.0,,
西昌海南强震台,无人值守,102,28,强震,2020年3月,48:10.0,,
西昌礼州强震台,无人值守,102,28,强震,2020年3月,48:10.0,,
西昌黄水强震台,无人值守,102,28,强震,2020年3月,48:10.0,,
越西中所强震台,无人值守,102,29,强震,2020年3月,48:10.0,,
越西新民强震台,无人值守,103,29,强震,2020年3月,48:10.0,,
道孚专业强震台,无人值守,101,31,强震,2020年3月,48:10.0,,
道孚八美强震台,无人值守,101,30,强震,2020年3月,48:10.0,,
邛崃油榨强震台,无人值守,104,30,强震,2020年3月,48:10.0,,
郫县走石强震台,无人值守,104,31,强震,2020年3月,48:10.0,,
都江安龙强震台,无人值守,104,31,强震,2020年3月,48:10.0,,
都江紫坪强震台,无人值守,104,31,强震,2020年3月,48:10.0,,
都江虹口强震台,无人值守,104,31,强震,2020年3月,48:10.0,,
雅安专业强震台,无人值守,103,30,强震,2020年3月,48:10.0,,
雅安沙坪强震台,无人值守,103,30,强震,2020年3月,48:10.0,,
雅江八角强震台,无人值守,101,30,强震,2020年3月,48:10.0,,
雷波地办强震台,无人值守,104,28,强震,2020年3月,48:10.0,,
雷波黄琅强震台,无人值守,104,28,强震,2020年3月,48:10.0,,
青川关庄强震台,无人值守,105,32,强震,2020年3月,48:10.0,,
青川地办强震台,无人值守,105,33,强震,2020年3月,48:10.0,,
青川桥楼强震台,无人值守,105,32,强震,2020年3月,48:10.0,,
马尔地办强震台,无人值守,102,32,强震,2020年3月,48:10.0,,
马尔梭磨强震台,无人值守,102,32,强震,2020年3月,48:10.0,,
马边地办强震台,无人值守,104,29,强震,2020年3月,48:10.0,,
马边荞坝强震台,无人值守,104,29,强震,2020年3月,48:10.0,,
黑水双溜强震台,无人值守,103,32,强震,2020年3月,48:10.0,,
黑水地办强震台,无人值守,103,32,强震,2020年3月,48:10.0,,
黑水色尔强震台,无人值守,103,33,强震,2020年3月,48:10.0,,
向家坝坝肩强震台,无人值守,104,29,强震,2020年3月,48:10.0,,
团结强震台,无人值守,104,28,强震,2020年3月,48:10.0,,
夏溪强震台,无人值守,104,29,强震,2020年3月,48:10.0,,
大树脚强震台,无人值守,103,26,强震,2020年3月,48:10.0,,
巧家强震台,无人值守,103,27,强震,2020年3月,48:10.0,,
景星强震台,无人值守,103,27,强震,2020年3月,48:10.0,,
木杆强震台,无人值守,104,28,强震,2020年3月,48:10.0,,
来复强震台,无人值守,105,29,强震,2020年3月,48:10.0,,
柑子强震台,无人值守,104,29,强震,2020年3月,48:10.0,,
格勒强震台,无人值守,103,26,强震,2020年3月,48:10.0,,
沙坨强震台,无人值守,104,29,强震,2020年3月,48:10.0,,
h洞强震台,无人值守,105,29,强震,2020年3月,48:10.0,,
渡口强震台,无人值守,104,28,强震,2020年3月,48:10.0,,
溪洛渡坝肩强震台,无人值守,104,28,强震,2020年3月,48:10.0,,
王坤田强震台,无人值守,103,27,强震,2020年3月,48:10.0,,
蒙姑强震台,无人值守,103,27,强震,2020年3月,48:10.0,,
谷米强震台,无人值守,104,28,强震,2020年3月,48:10.0,,
金塘强震台,无人值守,103,27,强震,2020年3月,48:10.0,,
高场强震台,无人值守,104,29,强震,2020年3月,48:10.0,,
黄琅强震台,无人值守,104,28,强震,2020年3月,48:10.0,,
务基1井流体台,无人值守,103,28,流体,2020年3月,48:10.0,,
务基2井流体台,无人值守,103,28,流体,2020年3月,48:10.0,,
千万贯井流体台,无人值守,103,28,流体,2020年3月,48:10.0,,
团结1井流体台,无人值守,104,28,流体,2020年3月,48:10.0,,
团结2井流体台,无人值守,104,28,流体,2020年3月,48:10.0,,
柑子井流体台,无人值守,104,29,流体,2020年3月,48:10.0,,
万和测震台,无人值守,103,28,测震,2020年3月,48:10.0,,
三台坡测震台,无人值守,102,27,测震,2020年3月,48:10.0,,
三岩龙测震台,无人值守,101,29,测震,2020年3月,48:10.0,,
下坪测震台,无人值守,104,29,测震,2020年3月,48:10.0,,
下火地测震台,无人值守,102,30,测震,2020年3月,48:10.0,,
东坪测震台,无人值守,103,27,测震,2020年3月,48:10.0,,
丝泥坪测震台,无人值守,104,28,测震,2020年3月,48:10.0,,
乌角测震台,无人值守,104,28,测震,2020年3月,48:10.0,,
五大寺测震台,无人值守,102,30,测震,2020年3月,48:10.0,,
亿扎测震台,无人值守,101,30,测震,2020年3月,48:10.0,,
付田坝测震台,无人值守,103,30,测震,2020年3月,48:10.0,,
元宝山测震台,无人值守,103,28,测震,2020年3月,48:10.0,,
八占地测震台,无人值守,104,28,测震,2020年3月,48:10.0,,
八角测震台,无人值守,103,31,测震,2020年3月,48:10.0,,
列瓦测震台,无人值守,101,28,测震,2020年3月,48:10.0,,
务基测震台,无人值守,104,28,测震,2020年3月,48:10.0,,
博窝测震台,无人值守,101,29,测震,2020年3月,48:10.0,,
印把子测震台,无人值守,102,28,测震,2020年3月,48:10.0,,
反坡测震台,无人值守,103,30,测震,2020年3月,48:10.0,,
后坝村测震台,无人值守,104,29,测震,2020年3月,48:10.0,,
吞都测震台,无人值守,104,28,测震,2020年3月,48:10.0,,
响岩坝测震台,无人值守,105,32,测震,2020年3月,48:10.0,,
喇嘛寺测震台,无人值守,102,30,测震,2020年3月,48:10.0,,
四家寨测震台,无人值守,102,30,测震,2020年3月,48:10.0,,
团结测震台,无人值守,104,29,测震,2020年3月,48:10.0,,
土地测震台,无人值守,104,29,测震,2020年3月,48:10.0,,
大村子测震台,无人值守,102,27,测震,2020年3月,48:10.0,,
大桥测震台,无人值守,102,28,测震,2020年3月,48:10.0,,
大沱测震台,无人值守,102,28,测震,2020年3月,48:10.0,,
大盐池测震台,无人值守,102,28,测震,2020年3月,48:10.0,,
大窝背测震台,无人值守,104,29,测震,2020年3月,48:10.0,,
大金号测震台,无人值守,104,29,测震,2020年3月,48:10.0,,
天仙村测震台,无人值守,104,29,测震,2020年3月,48:10.0,,
学优测震台,无人值守,101,30,测震,2020年3月,48:10.0,,
安家湾测震台,无人值守,102,30,测震,2020年3月,48:10.0,,
官房测震台,无人值守,102,28,测震,2020年3月,48:10.0,,
宰牛坪测震台,无人值守,103,29,测震,2020年3月,48:10.0,,
对坪测震台,无人值守,103,27,测震,2020年3月,48:10.0,,
小务基测震台,无人值守,103,28,测震,2020年3月,48:10.0,,
小店子测震台,无人值守,103,30,测震,2020年3月,48:10.0,,
小马场测震台,无人值守,102,29,测震,2020年3月,48:10.0,,
山冲测震台,无人值守,103,29,测震,2020年3月,48:10.0,,
岚安测震台,无人值守,102,30,测震,2020年3月,48:10.0,,
岩峰寺测震台,无人值守,104,29,测震,2020年3月,48:10.0,,
巴郎沟测震台,无人值守,102,30,测震,2020年3月,48:10.0,,
庙子坪测震台,无人值守,104,31,测震,2020年3月,48:10.0,,
廖家山测震台,无人值守,102,27,测震,2020年3月,48:10.0,,
开绕测震台,无人值守,102,31,测震,2020年3月,48:10.0,,
张家道测震台,无人值守,105,32,测震,2020年3月,48:10.0,,
徐谷坪测震台,无人值守,103,29,测震,2020年3月,48:10.0,,
扁路岗测震台,无人值守,102,29,测震,2020年3月,48:10.0,,
折骆测震台,无人值守,102,31,测震,2020年3月,48:10.0,,
拉沙河测震台,无人值守,101,28,测震,2020年3月,48:10.0,,
新兴测震台,无人值守,102,30,测震,2020年3月,48:10.0,,
新发测震台,无人值守,102,27,测震,2020年3月,48:10.0,,
新寺上测震台,无人值守,103,30,测震,2020年3月,48:10.0,,
新桥测震台,无人值守,102,30,测震,2020年3月,48:10.0,,
新民测震台,无人值守,102,29,测震,2020年3月,48:10.0,,
春江测震台,无人值守,103,27,测震,2020年3月,48:10.0,,
普巴绒测震台,无人值守,101,30,测震,2020年3月,48:10.0,,
木府测震台,无人值守,103,28,测震,2020年3月,48:10.0,,
木落脚测震台,无人值守,102,28,测震,2020年3月,48:10.0,,
木角测震台,无人值守,102,30,测震,2020年3月,48:10.0,,
李子坪测震台,无人值守,103,28,测震,2020年3月,48:10.0,,
林帮测震台,无人值守,102,31,测震,2020年3月,48:10.0,,
桂花树测震台,无人值守,104,31,测震,2020年3月,48:10.0,,
梭坡测震台,无人值守,102,31,测震,2020年3月,48:10.0,,
棉垭测震台,无人值守,101,28,测震,2020年3月,48:10.0,,
棉布垭测震台,无人值守,101,28,测震,2020年3月,48:10.0,,
水井湾测震台,无人值守,104,28,测震,2020年3月,48:10.0,,
永盛测震台,无人值守,104,28,测震,2020年3月,48:10.0,,
江达测震台,无人值守,102,31,测震,2020年3月,48:10.0,,
汶水测震台,无人值守,104,28,测震,2020年3月,48:10.0,,
河坝测震台,无人值守,102,31,测震,2020年3月,48:10.0,,
洛觉测震台,无人值守,103,28,测震,2020年3月,48:10.0,,
润坝村测震台,无人值守,104,29,测震,2020年3月,48:10.0,,
潘安测震台,无人值守,102,31,测震,2020年3月,48:10.0,,
火草坪测震台,无人值守,102,30,测震,2020年3月,48:10.0,,
灯草坪测震台,无人值守,102,27,测震,2020年3月,48:10.0,,
灵岩寺测震台,无人值守,104,31,测震,2020年3月,48:10.0,,
炎山测震台,无人值守,103,28,测震,2020年3月,48:10.0,,
难田湾测震台,无人值守,102,30,测震,2020年3月,48:10.0,,
片马测震台,无人值守,103,29,测震,2020年3月,48:10.0,,
牦牛山测震台,无人值守,101,28,测震,2020年3月,48:10.0,,
猫头山测震台,无人值守,102,27,测震,2020年3月,48:10.0,,
瓦子测震台,无人值守,101,30,测震,2020年3月,48:10.0,,
甘家沟测震台,无人值守,102,28,测震,2020年3月,48:10.0,,
田坝测震台,无人值守,103,27,测震,2020年3月,48:10.0,,
田根测震台,无人值守,101,29,测震,2020年3月,48:10.0,,
白乌测震台,无人值守,101,28,测震,2020年3月,48:10.0,,
白岩岗测震台,无人值守,103,29,测震,2020年3月,48:10.0,,
白岩测震台,无人值守,103,31,测震,2020年3月,48:10.0,,
白沙测震台,无人值守,104,28,测震,2020年3月,48:10.0,,
白碉测震台,无人值守,101,28,测震,2020年3月,48:10.0,,
白胜测震台,无人值守,104,28,测震,2020年3月,48:10.0,,
白马测震台,无人值守,102,28,测震,2020年3月,48:10.0,,
石垭子测震台,无人值守,105,32,测震,2020年3月,48:10.0,,
石城山测震台,无人值守,104,29,测震,2020年3月,48:10.0,,
码口测震台,无人值守,103,28,测震,2020年3月,48:10.0,,
磨房梁子测震台,无人值守,102,27,测震,2020年3月,48:10.0,,
竹麻场测震台,无人值守,102,30,测震,2020年3月,48:10.0,,
给地测震台,无人值守,101,30,测震,2020年3月,48:10.0,,
罗挖坪测震台,无人值守,103,29,测震,2020年3月,48:10.0,,
联合测震台,无人值守,102,28,测震,2020年3月,48:10.0,,
芽祖测震台,无人值守,101,28,测震,2020年3月,48:10.0,,
茶叶测震台,无人值守,102,28,测震,2020年3月,48:10.0,,
草科测震台,无人值守,102,29,测震,2020年3月,48:10.0,,
莫苟测震台,无人值守,101,30,测震,2020年3月,48:10.0,,
萝布岗测震台,无人值守,103,28,测震,2020年3月,48:10.0,,
谢家沟测震台,无人值守,102,30,测震,2020年3月,48:10.0,,
里庄测震台,无人值守,102,28,测震,2020年3月,48:10.0,,
野坝测震台,无人值守,102,30,测震,2020年3月,48:10.0,,
钻洞子测震台,无人值守,104,31,测震,2020年3月,48:10.0,,
银厂测震台,无人值守,102,28,测震,2020年3月,48:10.0,,
长柏测震台,无人值守,101,28,测震,2020年3月,48:10.0,,
长脚测震台,无人值守,102,28,测震,2020年3月,48:10.0,,
阿兹觉测震台,无人值守,103,29,测震,2020年3月,48:10.0,,
雄居测震台,无人值守,102,30,测震,2020年3月,48:10.0,,
雅江兵站测震台,无人值守,101,30,测震,2020年3月,48:10.0,,
青杠林测震台,无人值守,102,27,测震,2020年3月,48:10.0,,
青胜测震台,无人值守,104,28,测震,2020年3月,48:10.0,,
项脚测震台,无人值守,101,28,测震,2020年3月,48:10.0,,
顺河测震台,无人值守,103,29,测震,2020年3月,48:10.0,,
马湖测震台,无人值守,104,28,测震,2020年3月,48:10.0,,
马鞍山测震台,无人值守,104,29,测震,2020年3月,48:10.0,,
鲁布沟测震台,无人值守,103,29,测震,2020年3月,48:10.0,,
麦地龙测震台,无人值守,101,29,测震,2020年3月,48:10.0,,
麻子石测震台,无人值守,101,30,测震,2020年3月,48:10.0,,
麻眼沟测震台,无人值守,105,32,测震,2020年3月,48:10.0,,
黄华测震台,无人值守,104,28,测震,2020年3月,48:10.0,,
黑马测震台,无人值守,103,29,测震,2020年3月,48:10.0,,
龙洞子测震台,无人值守,105,32,测震,2020年3月,48:10.0,,
八窝龙测震台,无人值守,101,29,"测震,强震",2020年3月,48:10.0,,
周家坪测震台,无人值守,102,28,"测震,强震",2020年3月,48:10.0,,
和平子测震台,无人值守,102,28,"测震,强震",2020年3月,48:10.0,,
坊田测震台,无人值守,102,27,"测震,强震",2020年3月,48:10.0,,
矮子沟测震台,无人值守,102,28,"测震,强震",2020年3月,48:10.0,,
篾丝萝测震台,无人值守,102,28,"测震,强震",2020年3月,48:10.0,,
索依测震台,无人值守,101,30,"测震,强震",2020年3月,48:10.0,,
莫玉测震台,无人值守,102,31,"测震,强震",2020年3月,48:10.0,,
西地测震台,无人值守,101,30,"测震,强震",2020年3月,48:10.0,,
观音坝测震台,无人值守,102,27,"测震,强震",2020年3月,48:10.0,,
里尼测震台,无人值守,101,29,"测震,强震",2020年3月,48:10.0,,
川44井前兆台,无人值守,106,32,流体,2020年3月,48:10.0,,
川-05井,无人值守,102,26,流体,2020年3月,48:10.0,,
川-13井,无人值守,105,29,流体,2020年3月,48:10.0,,
崇州地震台,无人值守,104,31,电磁,2020年3月,48:10.0,,
平地地震台,无人值守,102,26,电磁,2020年3月,48:10.0,,
丙乙底测震台,无人值守,103,28,测震,2020年3月,48:10.0,,
九寨沟测震台,无人值守,104,33,测震,2020年3月,48:10.0,,
五马坪测震台,无人值守,104,30,测震,2020年3月,48:10.0,,
井研测震台,无人值守,104,30,测震,2020年3月,48:10.0,,
仲家沟测震台,无人值守,105,32,测震,2020年3月,48:10.0,,
会理地震台,无人值守,102,27,测震,2020年3月,48:10.0,,
冕宁测震台,无人值守,102,28,测震,2020年3月,48:10.0,,
华蓥山测震台,无人值守,107,30,测震,2020年3月,48:10.0,,
园艺场测震台,无人值守,102,28,测震,2020年3月,48:10.0,,
壤塘测震台,无人值守,101,32,测震,2020年3月,48:10.0,,
安县测震台,无人值守,104,32,测震,2020年3月,48:10.0,,
安岳测震台,无人值守,105,30,测震,2020年3月,48:10.0,,
宝兴测震台,无人值守,103,30,测震,2020年3月,48:10.0,,
宣汉测震台,无人值守,108,31,测震,2020年3月,48:10.0,,
峨眉山测震台,无人值守,103,30,测震,2020年3月,48:10.0,,
平武测震台,无人值守,105,32,测震,2020年3月,48:10.0,,
旺苍测震台,无人值守,106,32,测震,2020年3月,48:10.0,,
普格测震台,无人值守,103,27,测震,2020年3月,48:10.0,,
木里测震台,无人值守,101,28,测震,2020年3月,48:10.0,,
汉王山测震台,无人值守,105,29,测震,2020年3月,48:10.0,,
汶川测震台,无人值守,104,31,测震,2020年3月,48:10.0,,
油榨坪测震台,无人值守,104,31,测震,2020年3月,48:10.0,,
油罐顶测震台,无人值守,104,30,测震,2020年3月,48:10.0,,
泸沽湖测震台,无人值守,101,28,测震,2020年3月,48:10.0,,
玄生坝测震台,无人值守,102,28,测震,2020年3月,48:10.0,,
盐亭测震台,无人值守,105,31,测震,2020年3月,48:10.0,,
盐源测震台,无人值守,102,27,测震,2020年3月,48:10.0,,
石棉测震台,无人值守,102,29,测震,2020年3月,48:10.0,,
石门坎测震台,无人值守,103,27,测震,2020年3月,48:10.0,,
筠连测震台,无人值守,105,28,测震,2020年3月,48:10.0,,
红原测震台,无人值守,103,33,测震,2020年3月,48:10.0,,
美姑测震台,无人值守,103,28,测震,2020年3月,48:10.0,,
花马石测震台,无人值守,104,30,测震,2020年3月,48:10.0,,
苍溪测震台,无人值守,106,32,测震,2020年3月,48:10.0,,
若尔盖测震台,无人值守,103,34,测震,2020年3月,48:10.0,,
茂县测震台,无人值守,104,32,测震,2020年3月,48:10.0,,
蒙顶山测震台,无人值守,103,30,测震,2020年3月,48:10.0,,
西充测震台,无人值守,106,31,测震,2020年3月,48:10.0,,
金鸡寺测震台,无人值守,105,31,测震,2020年3月,48:10.0,,
雅江测震台,无人值守,101,30,测震,2020年3月,48:10.0,,
雷波测震台,无人值守,104,28,测震,2020年3月,48:10.0,,
青川测震台,无人值守,105,33,测震,2020年3月,48:10.0,,
马边测震台,无人值守,104,29,测震,2020年3月,48:10.0,,
黑水测震台,无人值守,103,32,测震,2020年3月,48:10.0,,
小金测震台,无人值守,102,31,测震,2020年3月,48:10.0,,
德阳市白马地震台,无人值守,104,31,"测震,流体",2020年3月,48:10.0,,
剑门关地震台,无人值守,106,32,"测震,电磁",2020年3月,48:10.0,,
天全地震台,无人值守,103,30,"测震,形变",2020年3月,48:10.0,,
泸沽湖地震台,无人值守,101,28,"电磁,流体",2020年3月,48:10.0,,
巴中地震台,无人值守,107,32,"电磁,测震",2020年3月,48:10.0,,
理塘地震台,无人值守,100,30,"测震,强震",2020年3月,48:10.0,,
茂县地震台,无人值守,104,32,"测震,形变",2020年3月,48:10.0,,
小金县地震台,有人值守,102,31,流体,2020年3月,48:10.0,,
映秀地震台,有人值守,103,31,"流体,电磁",2020年3月,48:10.0,,
汶川县地震台,有人值守,104,31,形变,2020年3月,48:10.0,,
若尔盖地震台,有人值守,103,34,流体,2020年3月,48:10.0,,
茂县地震台,有人值守,104,31,测震,2020年3月,48:10.0,,
金川县地震台,有人值守,102,31,"测震,电磁",2020年3月,48:10.0,,
黑水县地震台,有人值守,103,32,测震,2020年3月,48:10.0,,
壤塘县地震台,有人值守,101,32,测震,2020年3月,48:10.0,,
宝兴邓池沟前兆台,无人值守,103,31,"形变,电磁",2020年3月,48:10.0,,
川42井前兆台,无人值守,103,30,"流体,电磁",2020年3月,48:10.0,,
永昌川41井前兆台,无人值守,104,32,流体,2020年3月,48:10.0,,
香泉川43井前兆台,无人值守,105,32,流体,2020年3月,48:10.0,,
邛崃川22井前兆台,无人值守,103,30,流体,2020年3月,48:10.0,,
大邑横山地震台,无人值守,103,31,流体,2020年3月,48:10.0,,
大邑西岭地震台,无人值守,103,31,"测震,强震",2020年3月,48:10.0,,
大邑高堂寺地震台,无人值守,103,31,"测震,强震",2020年3月,48:10.0,,
天府新区三星地震台,无人值守,104,30,"测震,强震",2020年3月,48:10.0,,
崇州三郎地震台,无人值守,104,31,"测震,强震,流体,电磁",2020年3月,48:10.0,,
崇州鸡冠山地震台,无人值守,103,31,强震,2020年3月,48:10.0,,
彭州丹景山地震台,无人值守,104,31,"测震,强震",2020年3月,48:10.0,,
彭州银厂沟地震台,无人值守,104,31,"测震,强震",2020年3月,48:10.0,,
新津梨花沟地震台,无人值守,104,30,"测震,强震",2020年3月,48:10.0,,
蒲江朝阳湖地震台,无人值守,103,30,"测震,强震",2020年3月,48:10.0,,
蒲江鹤山地震台,无人值守,104,30,"测震,强震,形变",2020年3月,48:10.0,,
邛崃临邛地震台,无人值守,104,30,"测震,强震,电磁",2020年3月,48:10.0,,
邛崃平乐地震台,无人值守,103,30,"测震,强震",2020年3月,48:10.0,,
邛崃高何地震台,无人值守,103,30,"强震,测震",2020年3月,48:10.0,,
都江堰文庙山强震台,无人值守,104,31,"强震,测震,形变,电磁,流体",2020年3月,48:10.0,,
都江堰龙池地震台,无人值守,104,30,流体,2020年3月,48:10.0,,
金堂淮口地震台,无人值守,105,31,"测震,强震",2020年3月,48:10.0,,
青白江清泉地震台,无人值守,104,31,"测震,强震",2020年3月,48:10.0,,
高新中和地震台,无人值守,104,31,"测震,强震",2020年3月,48:10.0,,
龙泉同安地震台,无人值守,104,31,"测震,强震",2020年3月,48:10.0,,
德阳市天元前兆台,无人值守,104,31,"流体,电磁",2020年3月,48:10.0,,
德阳市川绵39井前兆台,无人值守,104,31,流体,2020年3月,48:10.0,,
德阳市清平地震台,无人值守,104,32,"强震,测震",2020年3月,48:10.0,,
德阳市金河前兆台,无人值守,104,31,电磁,2020年3月,48:10.0,,
德阳川08井前兆台,无人值守,104,31,流体,2020年3月,48:10.0,,
德阳中江县金银山前兆台,无人值守,105,31,"形变,电磁",2020年3月,48:10.0,,
二道桥前兆台,无人值守,102,30,流体,2020年3月,48:10.0,,
亚日贡乡地震台,无人值守,99,29,"测震,强震",2020年3月,48:10.0,,
八美镇地震台,无人值守,101,30,"测震,强震",2020年3月,48:10.0,,
共和前兆台,无人值守,102,30,流体,2020年3月,48:10.0,,
和平乡地震台,无人值守,100,31,"测震,强震",2020年3月,48:10.0,,
大盖乡地震台,无人值守,100,31,"测震,强震",2020年3月,48:10.0,,
年龙乡地震台,无人值守,100,32,"测震,强震",2020年3月,48:10.0,,
建设镇地震台,无人值守,99,31,"测震,强震",2020年3月,48:10.0,,
拉波乡地震台,无人值守,101,29,"测震,强震",2020年3月,48:10.0,,
措拉镇地震台,无人值守,99,30,"测震,强震",2020年3月,48:10.0,,
新兴乡地震台,无人值守,102,30,"测震,强震",2020年3月,48:10.0,,
新都镇地震台,无人值守,101,31,"测震,强震",2020年3月,48:10.0,,
来马镇地震台,无人值守,100,32,"测震,强震",2020年3月,48:10.0,,
杵坭乡地震台,无人值守,102,30,"测震,强震",2020年3月,48:10.0,,
松麦镇地震台,无人值守,99,29,"测震,强震",2020年3月,48:10.0,,
格宗乡地震台,无人值守,102,31,"测震,强震",2020年3月,48:10.0,,
汤古乡地震台,无人值守,101,29,"测震,强震",2020年3月,48:10.0,,
沙贡乡地震台,无人值守,100,29,"测震,强震",2020年3月,48:10.0,,
洛须镇地震台,无人值守,98,32,"测震,强震",2020年3月,48:10.0,,
浪多乡地震台,无人值守,99,32,"测震,强震",2020年3月,48:10.0,,
热乌乡前兆台,无人值守,100,29,流体,2020年3月,48:10.0,,
玉柯前兆台,无人值守,101,31,流体,2020年3月,48:10.0,,
盖玉乡地震台,无人值守,99,31,"测震,强震",2020年3月,48:10.0,,
禾尼乡地震台,无人值守,100,30,"测震,强震",2020年3月,48:10.0,,
维它乡地震台,无人值守,101,31,"测震,强震",2020年3月,48:10.0,,
翁达镇地震台,无人值守,101,32,"测震,强震",2020年3月,48:10.0,,
茹龙镇地震台,无人值守,100,31,"测震,强震",2020年3月,48:10.0,,
边耳乡地震台,无人值守,102,31,"测震,强震",2020年3月,48:10.0,,
达马镇地震台,无人值守,99,32,"测震,强震",2020年3月,48:10.0,,
雅德乡地震台,无人值守,101,31,"测震,强震",2020年3月,48:10.0,,
雅拉乡地震台,无人值守,102,30,"测震,强震",2020年3月,48:10.0,,
香格里拉镇地震台,无人值守,100,29,"测震,强震",2020年3月,48:10.0,,
马尼干戈镇地震台,无人值守,99,32,"测震,强震",2020年3月,48:10.0,,
麻邛乡地震台,无人值守,100,31,"测震,强震",2020年3月,48:10.0,,
龙头沟前兆台,无人值守,102,30,流体,2020年3月,48:10.0,,
龙普前兆台,无人值守,101,31,流体,2020年3月,48:10.0,,
理塘川51井,无人值守,100,30,流体,2020年3月,48:10.0,,
井河测震台,无人值守,107,31,测震,2020年3月,48:10.0,,
兴仁测震台,无人值守,107,30,测震,2020年3月,48:10.0,,
广汉市连山前兆台,无人值守,104,40,流体,2020年3月,48:10.0,,
朝天东溪河地震台,无人值守,106,33,"电磁,形变",2020年3月,48:10.0,,
剑阁前兆台,无人值守,105,32,电磁,2020年3月,48:10.0,,
旺苍前兆台,无人值守,106,32,电磁,2020年3月,48:10.0,,
昭化巨石前兆台,无人值守,106,32,流体,2020年3月,48:10.0,,
苍溪前兆台,无人值守,106,32,形变,2020年3月,48:10.0,,
青川木鱼地震台,无人值守,105,33,"形变,电磁",2020年3月,48:10.0,,
青川桥楼地震台,无人值守,105,32,"形变,电磁",2020年3月,48:10.0,,
昭化文村前兆台,无人值守,106,32,电磁,2020年3月,48:10.0,,
曾家测震台,无人值守,106,33,测震,2020年3月,48:10.0,,
武连测震台,无人值守,105,32,测震,2020年3月,48:10.0,,
水柜测震台,无人值守,106,32,测震,2020年3月,48:10.0,,
青川乔庄台,有人值守,105,33,"形变,电磁",2020年3月,48:10.0,,
筠连县地震台,有人值守,104,28,测震,2020年3月,48:10.0,,
峨边测震台,无人值守,103,29,测震,2020年3月,48:10.0,,
罗城测震台,无人值守,104,29,测震,2020年3月,48:10.0,,
川03井前兆台,无人值守,102,28,流体,2020年3月,48:10.0,,
雷波防震减灾局,有人值守,104,28,测震,2020年3月,48:10.0,,
会理地震台,有人值守,102,27,测震,2020年3月,48:10.0,,
绵阳市地震台,无人值守,105,31,"测震,形变,电磁",2020年3月,48:10.0,,
平武地震台,有人值守,105,32,形变,2020年3月,48:10.0,,
德阳市土门前兆台,无人值守,104,31,流体,2020年3月,48:10.0,,
德阳市汉旺前兆台,无人值守,104,31,形变,2020年3月,48:10.0,,
德阳市清平前兆台,无人值守,104,32,流体,2020年3月,48:10.0,,
德阳市遵道测震台,无人值守,104,31,测震,2020年3月,48:10.0,,
安县地震台,无人值守,104,32,测震,2020年3月,48:10.0,,
花D地震台,无人值守,105,32,测震,2020年3月,48:10.0,,
曲山测震台,无人值守,104,32,测震,2020年3月,48:10.0,,
江油川10井前兆台,无人值守,104,31,流体,2020年3月,48:10.0,,
江油文胜前兆台,无人值守,105,32,"形变,电磁",2020年3月,48:10.0,,
江油白衣村前兆台,无人值守,105,32,形变,2020年3月,48:10.0,,
德阳旌阳区前兆台,无人值守,104,31,形变,2020年3月,48:10.0,,
华坪测震台,无人值守,101,26,测震,2020年3月,48:10.0,,
国胜测震台,无人值守,101,27,测震,2020年3月,48:10.0,,
大田前兆台,无人值守,102,26,流体,2020年3月,48:10.0,,
平地测震台,无人值守,102,26,测震,2020年3月,48:10.0,,
米易测震台,无人值守,102,27,测震,2020年3月,48:10.0,,
马兰山测震台,无人值守,102,27,测震,2020年3月,48:10.0,,
乌龟井地震台,有人值守,102,27,流体,2020年3月,48:10.0,,
地龙井地震台,有人值守,102,27,形变,2020年3月,48:10.0,,
马兰山地震台,有人值守,101,26,形变,2020年3月,48:10.0,,
什邡市冰川前兆台,无人值守,104,31,"形变,电磁",2020年3月,48:10.0,,
什邡市双盛K2井,无人值守,104,31,流体,2020年3月,48:10.0,,
川02井前兆台,无人值守,102,29,流体,2020年3月,48:10.0,,
川20井前兆台,无人值守,102,29,流体,2020年3月,48:10.0,,
川49井前兆台,无人值守,102,29,流体,2020年3月,48:10.0,,
川50井前兆台,无人值守,102,29,流体,2020年3月,48:10.0,,
荥经前兆台,无人值守,103,30,形变,2020年3月,48:10.0,,
川46井前兆台,无人值守,103,30,流体,2020年3月,48:10.0,,
川47井前兆台,无人值守,103,30,流体,2020年3月,48:10.0,,
川48井前兆台,无人值守,103,30,流体,2020年3月,48:10.0,,
石棉草科前兆台,无人值守,102,29,"形变,电磁",2020年3月,48:10.0,,
北斗测震台,无人值守,103,30,测震,2020年3月,48:10.0,,
将军测震台,无人值守,105,28,测震,2020年3月,48:10.0,,
中都测震台,无人值守,104,29,测震,2020年3月,48:10.0,,
江安测震台,无人值守,105,29,测震,2020年3月,48:10.0,,
南溪川12井前兆台,无人值守,105,29,流体,2020年3月,48:10.0,,
南溪测震台,无人值守,105,29,测震,2020年3月,48:10.0,,
屏山测震台,无人值守,104,29,测震,2020年3月,48:10.0,,
珙县测震台,无人值守,105,28,测震,2020年3月,48:10.0,,
观音测震台,无人值守,104,29,测震,2020年3月,48:10.0,,
长宁测震台,无人值守,105,29,测震,2020年3月,48:10.0,,
兴文测震台,无人值守,105,28,测震,2020年3月,48:10.0,,
三元井测震台,无人值守,105,29,测震,2020年3月,48:10.0,,
大山铺前兆台,无人值守,105,29,形变,2020年3月,48:10.0,,
椅子湾测震台,无人值守,105,29,测震,2020年3月,48:10.0,,
照石塔测震台,无人值守,105,29,测震,2020年3月,48:10.0,,
牛佛测震台,无人值守,105,29,测震,2020年3月,48:10.0,,
碾子山测震台,无人值守,105,29,测震,2020年3月,48:10.0,,
童寺前兆台,无人值守,105,29,"流体,形变",2020年3月,48:10.0,,
赵家坡测震台,无人值守,105,29,测震,2020年3月,48:10.0,,
长山前兆台,无人值守,104,29,形变,2020年3月,48:10.0,,
自贡重力台,无人值守,105,29,形变,2020年3月,48:10.0,,
蒲江跨断层综合场地,无人值守,104,30,形变,2020年3月,48:10.0,,
宝兴跨断层综合场地,无人值守,103,30,形变,2020年3月,48:10.0,,
田湾跨断层综合场地,无人值守,102,29,形变,2020年3月,48:10.0,,
两河口跨断层综合场地,无人值守,102,29,形变,2020年3月,48:10.0,,
沟普跨断层综合场地,无人值守,101,31,形变,2020年3月,48:10.0,,
龙灯坝跨断层综合场地,无人值守,101,31,形变,2020年3月,48:10.0,,
老乾宁跨断层综合场地,无人值守,101,31,形变,2020年3月,48:10.0,,
折多塘跨断层综合场地,无人值守,102,30,形变,2020年3月,48:10.0,,
榆林跨断层综合场地,无人值守,102,30,形变,2020年3月,48:10.0,,
侏倭跨断层综合场地,无人值守,100,32,形变,2020年3月,48:10.0,,
格鲁跨断层综合场地,无人值守,101,31,形变,2020年3月,48:10.0,,
虚墟跨断层综合场地,无人值守,101,31,形变,2020年3月,48:10.0,,
冕宁跨断层综合场地,无人值守,102,29,形变,2020年3月,48:10.0,,
松新跨断层综合场地,无人值守,103,27,形变,2020年3月,48:10.0,,
汤家坪跨断层综合场地,无人值守,103,27,形变,2020年3月,48:10.0,,
礼州跨断层综合场地,无人值守,102,28,形变,2020年3月,48:10.0,,
西岭跨断层水准场地,无人值守,103,31,形变,2020年3月,48:10.0,,
灌县跨断层水准场地,无人值守,104,31,形变,2020年3月,48:10.0,,
安顺场跨断层水准场地,无人值守,102,29,形变,2020年3月,48:10.0,,
棉蟹支线跨断层水准场地,无人值守,102,29,形变,2020年3月,48:10.0,,
叶坪跨断层水准场地,无人值守,102,29,形变,2020年3月,48:10.0,,
映秀跨断层水准场地,无人值守,103,31,形变,2020年3月,48:10.0,,
耿达跨断层水准场地,无人值守,103,31,形变,2020年3月,48:10.0,,
雁门跨断层水准场地,无人值守,104,31,形变,2020年3月,48:10.0,,
道孚跨断层水准场地,无人值守,101,31,形变,2020年3月,48:10.0,,
宁南支线跨断层水准场地,无人值守,103,27,形变,2020年3月,48:10.0,,
新汤家坪跨断层水准场地,无人值守,103,27,形变,2020年3月,48:10.0,,
尔乌跨断层水准场地,无人值守,102,28,形变,2020年3月,48:10.0,,
万源GNSS连续站,无人值守,108,32,形变,2020年3月,48:10.0,,
中江GNSS连续站,无人值守,105,31,形变,2020年3月,48:10.0,,
乐山GNSS连续站,无人值守,104,30,形变,2020年3月,48:10.0,,
仁寿GNSS连续站,无人值守,104,30,形变,2020年3月,48:10.0,,
内江GNSS连续站,无人值守,105,30,形变,2020年3月,48:10.0,,
北川GNSS连续站,无人值守,104,32,形变,2020年3月,48:10.0,,
南江GNSS连续站,无人值守,107,32,形变,2020年3月,48:10.0,,
南部GNSS连续站,无人值守,106,31,形变,2020年3月,48:10.0,,
叙永GNSS连续站,无人值守,105,28,形变,2020年3月,48:10.0,,
大竹GNSS连续站,无人值守,107,31,形变,2020年3月,48:10.0,,
安岳GNSS连续站,无人值守,105,30,形变,2020年3月,48:10.0,,
宜宾GNSS连续站,无人值守,105,29,形变,2020年3月,48:10.0,,
成都GNSS连续站,无人值守,104,31,形变,2020年3月,48:10.0,,
梓潼GNSS连续站,无人值守,105,32,形变,2020年3月,48:10.0,,
汉源GNSS连续站,无人值守,103,29,形变,2020年3月,48:10.0,,
汶川GNSS连续站,无人值守,104,31,形变,2020年3月,48:10.0,,
汶川西GNSS连续站,无人值守,103,31,形变,2020年3月,48:10.0,,
甘洛GNSS连续站,无人值守,103,29,形变,2020年3月,48:10.0,,
盐亭GNSS连续站,无人值守,105,31,形变,2020年3月,48:10.0,,
磨西GNSS连续站,无人值守,102,30,形变,2020年3月,48:10.0,,
简阳GNSS连续站,无人值守,105,30,形变,2020年3月,48:10.0,,
红原GNSS连续站,无人值守,103,33,形变,2020年3月,48:10.0,,
绵阳GNSS连续站,无人值守,105,31,形变,2020年3月,48:10.0,,
苍溪GNSS连续站,无人值守,106,32,形变,2020年3月,48:10.0,,
荣县GNSS连续站,无人值守,104,29,形变,2020年3月,48:10.0,,
营山GNSS连续站,无人值守,107,31,形变,2020年3月,48:10.0,,
通江GNSS连续站,无人值守,107,32,形变,2020年3月,48:10.0,,
邛崃GNSS连续站,无人值守,103,30,形变,2020年3月,48:10.0,,
邻水GNSS连续站,无人值守,107,30,形变,2020年3月,48:10.0,,
郫县GNSS连续站,无人值守,104,31,形变,2020年3月,48:10.0,,
金河地震台GNSS连续站,无人值守,102,28,形变,2020年3月,48:10.0,,
雅安GNSS连续站,无人值守,103,30,形变,2020年3月,48:10.0,,
青川GNSS连续站,无人值守,105,33,形变,2020年3月,48:10.0,,
马尔康GNSS连续站,无人值守,102,32,形变,2020年3月,48:10.0,,
泸州GNSS连续站,无人值守,105,29,形变,2020年3月,48:10.0,,
筠连GNSS连续站,无人值守,105,28,形变,2020年3月,48:10.0,,
巴中GNSS连续站,无人值守,107,32,形变,2020年3月,48:10.0,,
遂宁GNSS连续站,无人值守,106,31,形变,2020年3月,48:10.0,,
马边GNSS连续站,无人值守,104,29,形变,2020年3月,48:10.0,,
广元GNSS连续站,无人值守,106,32,形变,2020年3月,48:10.0,,
南充GNSS连续站,无人值守,106,31,形变,2020年3月,48:10.0,,
炉霍GNSS连续站,无人值守,101,31,形变,2020年3月,48:10.0,,
木里GNSS连续站,无人值守,101,28,形变,2020年3月,48:10.0,,
攀枝花GNSS连续站,无人值守,102,26,形变,2020年3月,48:10.0,,
小金GNSS连续站,无人值守,102,31,形变,2020年3月,48:10.0,,
天全GNSS连续站,无人值守,103,30,形变,2020年3月,48:10.0,,
石棉GNSS连续站,无人值守,102,29,形变,2020年3月,48:10.0,,
越西GNSS连续站,无人值守,103,29,形变,2020年3月,48:10.0,,
茂县GNSS连续站,无人值守,104,32,形变,2020年3月,48:10.0,,
道孚GNSS连续站,无人值守,101,31,形变,2020年3月,48:10.0,,
甘孜GNSS连续站,无人值守,100,32,形变,2020年3月,48:10.0,,
九龙GNSS连续站,无人值守,101,29,形变,2020年3月,48:10.0,,
理塘GNSS连续站,无人值守,100,30,形变,2020年3月,48:10.0,,
冕宁GNSS连续站,无人值守,102,28,形变,2020年3月,48:10.0,,
宁南GNSS连续站,无人值守,103,27,形变,2020年3月,48:10.0,,
松潘GNSS连续站,无人值守,104,33,形变,2020年3月,48:10.0,,
乡城GNSS连续站,无人值守,100,29,形变,2020年3月,48:10.0,,
盐源GNSS连续站,无人值守,102,27,形变,2020年3月,48:10.0,,
牦牛GNSS连续站,无人值守,102,31,形变,2020年3月,48:10.0,,
七美GNSS连续站,无人值守,101,31,形变,2020年3月,48:10.0,,
瓦日GNSS连续站,无人值守,101,31,形变,2020年3月,48:10.0,,
塔公GNSS连续站,无人值守,102,30,形变,2020年3月,48:10.0,,
小河GNSS连续站,无人值守,103,31,形变,2020年3月,48:10.0,,
蒲江GNSS连续站,无人值守,103,30,形变,2020年3月,48:10.0,,
灵关GNSS连续站,无人值守,103,30,形变,2020年3月,48:10.0,,
陇东GNSS连续站,无人值守,103,30,形变,2020年3月,48:10.0,,
跷碛GNSS连续站,无人值守,103,31,形变,2020年3月,48:10.0,,
芦山GNSS连续站,无人值守,103,30,形变,2020年3月,48:10.0,,
达维GNSS连续站,无人值守,103,31,形变,2020年3月,48:10.0,,
丹巴GNSS连续站,无人值守,102,31,形变,2020年3月,48:10.0,,
湾坝GNSS连续站,无人值守,102,29,形变,2020年3月,48:10.0,,
达杠GNSS连续站,无人值守,102,30,形变,2020年3月,48:10.0,,
甲根坝GNSS连续站,无人值守,102,30,形变,2020年3月,48:10.0,,
雅江GNSS连续站,无人值守,101,30,形变,2020年3月,48:10.0,,
金河GNSS连续站,无人值守,102,28,形变,2020年3月,48:10.0,,
东岳GNSS连续站,无人值守,103,30,形变,2020年3月,48:10.0,,
古寺山GNSS连续站,无人值守,104,31,形变,2020年3月,48:10.0,,
卧龙GNSS连续站,无人值守,103,31,形变,2020年3月,48:10.0,,
新市GNSS连续站,无人值守,104,29,形变,2020年3月,48:10.0,,
宜宾GNSS连续站,无人值守,105,29,形变,2020年3月,48:10.0,,
火烈乡GNSS连续站,无人值守,103,28,形变,2020年3月,48:10.0,,
甘洛GNSS连续站,无人值守,103,29,形变,2020年3月,48:10.0,,
会理GNSS连续站,无人值守,102,27,形变,2020年3月,48:10.0,,
太平GNSS连续站,无人值守,102,27,形变,2020年3月,48:10.0,,
金阳GNSS连续站,无人值守,103,28,形变,2020年3月,48:10.0,,
罗山溪GNSS连续站,无人值守,104,28,形变,2020年3月,48:10.0,,
依果觉GNSS连续站,无人值守,103,29,形变,2020年3月,48:10.0,,
美姑GNSS连续站,无人值守,103,28,形变,2020年3月,48:10.0,,
锦屏GNSS连续站,无人值守,102,28,形变,2020年3月,48:10.0,,
冕宁GNSS连续站,无人值守,102,29,形变,2020年3月,48:10.0,,
马鞍山GNSS连续站,无人值守,102,28,形变,2020年3月,48:10.0,,
洒拉地坡GNSS连续站,无人值守,103,28,形变,2020年3月,48:10.0,,
SYC25GNSS连续站,无人值守,104,31,形变,2020年3月,48:10.0,,
SYC24GNSS连续站,无人值守,103,31,形变,2020年3月,48:10.0,,
SYC47GNSS连续站,无人值守,104,30,形变,2020年3月,48:10.0,,
SYC19GNSS连续站,无人值守,103,30,形变,2020年3月,48:10.0,,
SYC23GNSS连续站,无人值守,103,30,形变,2020年3月,48:10.0,,
SYC22GNSS连续站,无人值守,103,30,形变,2020年3月,48:10.0,,
SYC21GNSS连续站,无人值守,103,30,形变,2020年3月,48:10.0,,
SYC39GNSS连续站,无人值守,104,29,形变,2020年3月,48:10.0,,
SYC38GNSS连续站,无人值守,104,29,形变,2020年3月,48:10.0,,
SYC34GNSS连续站,无人值守,103,29,形变,2020年3月,48:10.0,,
SYC42GNSS连续站,无人值守,104,29,形变,2020年3月,48:10.0,,
SYC37GNSS连续站,无人值守,104,29,形变,2020年3月,48:10.0,,
SYC36GNSS连续站,无人值守,103,29,形变,2020年3月,48:10.0,,
SYC35GNSS连续站,无人值守,103,29,形变,2020年3月,48:10.0,,
SYC41GNSS连续站,无人值守,104,29,形变,2020年3月,48:10.0,,
SYC40GNSS连续站,无人值守,104,29,形变,2020年3月,48:10.0,,
SYC13GNSS连续站,无人值守,103,31,形变,2020年3月,48:10.0,,
SYC10GNSS连续站,无人值守,103,31,形变,2020年3月,48:10.0,,
SYC20GNSS连续站,无人值守,103,30,形变,2020年3月,48:10.0,,
SYC15GNSS连续站,无人值守,103,30,形变,2020年3月,48:10.0,,
SYC26GNSS连续站,无人值守,102,29,形变,2020年3月,48:10.0,,
SYC31GNSS连续站,无人值守,102,29,形变,2020年3月,48:10.0,,
SYC18GNSS连续站,无人值守,103,31,形变,2020年3月,48:10.0,,
SYC01GNSS连续站,无人值守,103,31,形变,2020年3月,48:10.0,,
SYC09GNSS连续站,无人值守,102,31,形变,2020年3月,48:10.0,,
SYC04GNSS连续站,无人值守,101,31,形变,2020年3月,48:10.0,,
SYC06GNSS连续站,无人值守,101,31,形变,2020年3月,48:10.0,,
SYC05GNSS连续站,无人值守,101,31,形变,2020年3月,48:10.0,,
SYC08GNSS连续站,无人值守,102,31,形变,2020年3月,48:10.0,,
SYC07GNSS连续站,无人值守,102,30,形变,2020年3月,48:10.0,,
SYC27GNSS连续站,无人值守,102,29,形变,2020年3月,48:10.0,,
SYC28GNSS连续站,无人值守,102,29,形变,2020年3月,48:10.0,,
SYC29GNSS连续站,无人值守,102,29,形变,2020年3月,48:10.0,,
SYC16GNSS连续站,无人值守,102,30,形变,2020年3月,48:10.0,,
SYC17GNSS连续站,无人值守,102,30,形变,2020年3月,48:10.0,,
SYC14GNSS连续站,无人值守,102,30,形变,2020年3月,48:10.0,,
SYC12GNSS连续站,无人值守,102,30,形变,2020年3月,48:10.0,,
SYC11GNSS连续站,无人值守,102,30,形变,2020年3月,48:10.0,,
SYC02GNSS连续站,无人值守,100,32,形变,2020年3月,48:10.0,,
SYC03GNSS连续站,无人值守,101,31,形变,2020年3月,48:10.0,,
SYC64GNSS连续站,无人值守,103,28,形变,2020年3月,48:10.0,,
SYC65GNSS连续站,无人值守,103,28,形变,2020年3月,48:10.0,,
SYC33GNSS连续站,无人值守,103,29,形变,2020年3月,48:10.0,,
SYC32GNSS连续站,无人值守,103,29,形变,2020年3月,48:10.0,,
SYC68GNSS连续站,无人值守,103,28,形变,2020年3月,48:10.0,,
SYC69GNSS连续站,无人值守,103,28,形变,2020年3月,48:10.0,,
SYC55GNSS连续站,无人值守,103,28,形变,2020年3月,48:10.0,,
SYC56GNSS连续站,无人值守,103,28,形变,2020年3月,48:10.0,,
SYC54GNSS连续站,无人值守,103,28,形变,2020年3月,48:10.0,,
SYC30GNSS连续站,无人值守,102,29,形变,2020年3月,48:10.0,,
SYC48GNSS连续站,无人值守,102,28,形变,2020年3月,48:10.0,,
SYC46GNSS连续站,无人值守,102,28,形变,2020年3月,48:10.0,,
SYC77GNSS连续站,无人值守,103,27,形变,2020年3月,48:10.0,,
SYC79GNSS连续站,无人值守,102,28,形变,2020年3月,48:10.0,,
SYC63GNSS连续站,无人值守,103,28,形变,2020年3月,48:10.0,,
SYC80GNSS连续站,无人值守,102,28,形变,2020年3月,48:10.0,,
SYC62GNSS连续站,无人值守,102,28,形变,2020年3月,48:10.0,,
SYC76GNSS连续站,无人值守,103,27,形变,2020年3月,48:10.0,,
SYC49GNSS连续站,无人值守,102,28,形变,2020年3月,48:10.0,,
SYC60GNSS连续站,无人值守,102,28,形变,2020年3月,48:10.0,,
SYC58GNSS连续站,无人值守,102,28,形变,2020年3月,48:10.0,,
SYC61GNSS连续站,无人值守,102,28,形变,2020年3月,48:10.0,,
SYC59GNSS连续站,无人值守,102,28,形变,2020年3月,48:10.0,,
SYC45GNSS连续站,无人值守,102,28,形变,2020年3月,48:10.0,,
SYC52GNSS连续站,无人值守,103,28,形变,2020年3月,48:10.0,,
SYC66GNSS连续站,无人值守,103,28,形变,2020年3月,48:10.0,,
SYC50GNSS连续站,无人值守,102,28,形变,2020年3月,48:10.0,,
SYC51GNSS连续站,无人值守,102,28,形变,2020年3月,48:10.0,,
SYC57GNSS连续站,无人值守,102,28,形变,2020年3月,48:10.0,,
SYC43GNSS连续站,无人值守,102,29,形变,2020年3月,48:10.0,,
SYC44GNSS连续站,无人值守,103,29,形变,2020年3月,48:10.0,,
SYC53GNSS连续站,无人值守,103,28,形变,2020年3月,48:10.0,,
SYC67GNSS连续站,无人值守,103,28,形变,2020年3月,48:10.0,,
SYC78GNSS连续站,无人值守,103,27,形变,2020年3月,48:10.0,,
SYC70GNSS连续站,无人值守,103,28,形变,2020年3月,48:10.0,,
SYC71GNSS连续站,无人值守,103,28,形变,2020年3月,48:10.0,,
SYC72GNSS连续站,无人值守,103,27,形变,2020年3月,48:10.0,,
SYC73GNSS连续站,无人值守,104,27,形变,2020年3月,48:10.0,,
SYC74GNSS连续站,无人值守,104,27,形变,2020年3月,48:10.0,,
SYC75GNSS连续站,无人值守,104,27,形变,2020年3月,48:10.0,,
CD35GNSS连续站,无人值守,103,30,形变,2020年3月,48:10.0,,
CD05GNSS连续站,无人值守,102,29,形变,2020年3月,48:10.0,,
CD09GNSS连续站,无人值守,102,29,形变,2020年3月,48:10.0,,
CD20GNSS连续站,无人值守,102,29,形变,2020年3月,48:10.0,,
CD16GNSS连续站,无人值守,102,29,形变,2020年3月,48:10.0,,
CD37GNSS连续站,无人值守,102,28,形变,2020年3月,48:10.0,,
CD33GNSS连续站,无人值守,102,28,形变,2020年3月,48:10.0,,
CD48GNSS连续站,无人值守,103,28,形变,2020年3月,48:10.0,,
CD44GNSS连续站,无人值守,102,28,形变,2020年3月,48:10.0,,
CD53GNSS连续站,无人值守,103,28,形变,2020年3月,48:10.0,,
CD51GNSS连续站,无人值守,103,28,形变,2020年3月,48:10.0,,
YF10GNSS连续站,无人值守,100,32,形变,2020年3月,48:10.0,,
YF14GNSS连续站,无人值守,100,31,形变,2020年3月,48:10.0,,
CD01GNSS区域站,无人值守,102,29,形变,2020年3月,48:10.0,,
CD07GNSS区域站,无人值守,102,29,形变,2020年3月,48:10.0,,
CD12GNSS区域站,无人值守,102,30,形变,2020年3月,48:10.0,,
CD11GNSS区域站,无人值守,102,30,形变,2020年3月,48:10.0,,
CD10GNSS区域站,无人值守,102,29,形变,2020年3月,48:10.0,,
CD06GNSS区域站,无人值守,102,29,形变,2020年3月,48:10.0,,
CD08GNSS区域站,无人值守,102,29,形变,2020年3月,48:10.0,,
CD03GNSS区域站,无人值守,102,29,形变,2020年3月,48:10.0,,
CD04GNSS区域站,无人值守,102,29,形变,2020年3月,48:10.0,,
CD02GNSS区域站,无人值守,102,29,形变,2020年3月,48:10.0,,
CD30GNSS区域站,无人值守,103,29,形变,2020年3月,48:10.0,,
CD32GNSS区域站,无人值守,103,29,形变,2020年3月,48:10.0,,
CD31GNSS区域站,无人值守,103,29,形变,2020年3月,48:10.0,,
CD13GNSS区域站,无人值守,102,29,形变,2020年3月,48:10.0,,
CD21GNSS区域站,无人值守,102,29,形变,2020年3月,48:10.0,,
CD23GNSS区域站,无人值守,102,29,形变,2020年3月,48:10.0,,
CD14GNSS区域站,无人值守,102,29,形变,2020年3月,48:10.0,,
CD22GNSS区域站,无人值守,102,29,形变,2020年3月,48:10.0,,
CD24GNSS区域站,无人值守,102,29,形变,2020年3月,48:10.0,,
CD15GNSS区域站,无人值守,102,29,形变,2020年3月,48:10.0,,
CD19GNSS区域站,无人值守,102,29,形变,2020年3月,48:10.0,,
CD18GNSS区域站,无人值守,102,29,形变,2020年3月,48:10.0,,
CD17GNSS区域站,无人值守,102,29,形变,2020年3月,48:10.0,,
CD34GNSS区域站,无人值守,102,28,形变,2020年3月,48:10.0,,
CD40GNSS区域站,无人值守,102,28,形变,2020年3月,48:10.0,,
CD38GNSS区域站,无人值守,102,28,形变,2020年3月,48:10.0,,
CD39GNSS区域站,无人值守,102,28,形变,2020年3月,48:10.0,,
CD36GNSS区域站,无人值守,102,28,形变,2020年3月,48:10.0,,
CD49GNSS区域站,无人值守,103,28,形变,2020年3月,48:10.0,,
CD47GNSS区域站,无人值守,103,28,形变,2020年3月,48:10.0,,
CD46GNSS区域站,无人值守,102,28,形变,2020年3月,48:10.0,,
CD45GNSS区域站,无人值守,102,28,形变,2020年3月,48:10.0,,
CD41GNSS区域站,无人值守,102,28,形变,2020年3月,48:10.0,,
CD43GNSS区域站,无人值守,102,28,形变,2020年3月,48:10.0,,
CD42GNSS区域站,无人值守,102,28,形变,2020年3月,48:10.0,,
CD29GNSS区域站,无人值守,103,29,形变,2020年3月,48:10.0,,
CD28GNSS区域站,无人值守,103,29,形变,2020年3月,48:10.0,,
CD27GNSS区域站,无人值守,103,29,形变,2020年3月,48:10.0,,
CD26GNSS区域站,无人值守,103,29,形变,2020年3月,48:10.0,,
CD25GNSS区域站,无人值守,102,29,形变,2020年3月,48:10.0,,
CD57GNSS区域站,无人值守,103,28,形变,2020年3月,48:10.0,,
CD56GNSS区域站,无人值守,103,28,形变,2020年3月,48:10.0,,
CD55GNSS区域站,无人值守,103,28,形变,2020年3月,48:10.0,,
CD54GNSS区域站,无人值守,103,28,形变,2020年3月,48:10.0,,
CD50GNSS区域站,无人值守,103,28,形变,2020年3月,48:10.0,,
CD52GNSS区域站,无人值守,103,28,形变,2020年3月,48:10.0,,
YF19GNSS区域站,无人值守,102,32,形变,2020年3月,48:10.0,,
YF20GNSS区域站,无人值守,101,32,形变,2020年3月,48:10.0,,
YF21GNSS区域站,无人值守,101,31,形变,2020年3月,48:10.0,,
YF22GNSS区域站,无人值守,101,31,形变,2020年3月,48:10.0,,
YF27GNSS区域站,无人值守,102,31,形变,2020年3月,48:10.0,,
YF28GNSS区域站,无人值守,102,31,形变,2020年3月,48:10.0,,
YF18GNSS区域站,无人值守,102,32,形变,2020年3月,48:10.0,,
YF01GNSS区域站,无人值守,101,32,形变,2020年3月,48:10.0,,
YF02GNSS区域站,无人值守,101,32,形变,2020年3月,48:10.0,,
YF03GNSS区域站,无人值守,101,32,形变,2020年3月,48:10.0,,
YF17GNSS区域站,无人值守,100,31,形变,2020年3月,48:10.0,,
YF29GNSS区域站,无人值守,102,31,形变,2020年3月,48:10.0,,
YF30GNSS区域站,无人值守,102,31,形变,2020年3月,48:10.0,,
YF31GNSS区域站,无人值守,102,31,形变,2020年3月,48:10.0,,
YF23GNSS区域站,无人值守,101,31,形变,2020年3月,48:10.0,,
YF24GNSS区域站,无人值守,101,31,形变,2020年3月,48:10.0,,
YF25GNSS区域站,无人值守,101,30,形变,2020年3月,48:10.0,,
YF08GNSS区域站,无人值守,100,32,形变,2020年3月,48:10.0,,
YF09GNSS区域站,无人值守,100,32,形变,2020年3月,48:10.0,,
YF05GNSS区域站,无人值守,101,32,形变,2020年3月,48:10.0,,
YF06GNSS区域站,无人值守,101,32,形变,2020年3月,48:10.0,,
YF07GNSS区域站,无人值守,101,32,形变,2020年3月,48:10.0,,
YF11GNSS区域站,无人值守,100,32,形变,2020年3月,48:10.0,,
YF13GNSS区域站,无人值守,101,31,形变,2020年3月,48:10.0,,
YF04GNSS区域站,无人值守,101,32,形变,2020年3月,48:10.0,,
YF12GNSS区域站,无人值守,100,31,形变,2020年3月,48:10.0,,
YF15GNSS区域站,无人值守,100,31,形变,2020年3月,48:10.0,,
YF16GNSS区域站,无人值守,100,31,形变,2020年3月,48:10.0,,
YF26GNSS区域站,无人值守,101,30,形变,2020年3月,48:10.0,,
YF32GNSS区域站,无人值守,101,30,形变,2020年3月,48:10.0,,
YF33GNSS区域站,无人值守,102,28,形变,2020年3月,48:10.0,,
H054GNSS区域站,无人值守,101,31,形变,2020年3月,48:10.0,,
H071GNSS区域站,无人值守,105,30,形变,2020年3月,48:10.0,,
H058GNSS区域站,无人值守,104,31,形变,2020年3月,48:10.0,,
HB03GNSS区域站,无人值守,104,31,形变,2020年3月,48:10.0,,
H049GNSS区域站,无人值守,104,31,形变,2020年3月,48:10.0,,
H060GNSS区域站,无人值守,103,30,形变,2020年3月,48:10.0,,
H402GNSS区域站,无人值守,104,30,形变,2020年3月,48:10.0,,
H059GNSS区域站,无人值守,104,31,形变,2020年3月,48:10.0,,
H035GNSS区域站,无人值守,104,32,形变,2020年3月,48:10.0,,
J417GNSS区域站,无人值守,104,32,形变,2020年3月,48:10.0,,
H043GNSS区域站,无人值守,105,31,形变,2020年3月,48:10.0,,
H032GNSS区域站,无人值守,105,32,形变,2020年3月,48:10.0,,
H033GNSS区域站,无人值守,105,32,形变,2020年3月,48:10.0,,
J418GNSS区域站,无人值守,104,33,形变,2020年3月,48:10.0,,
F365GNSS区域站,无人值守,105,32,形变,2020年3月,48:10.0,,
H111GNSS区域站,无人值守,102,27,形变,2020年3月,48:10.0,,
H112GNSS区域站,无人值守,102,27,形变,2020年3月,48:10.0,,
H113GNSS区域站,无人值守,102,27,形变,2020年3月,48:10.0,,
H116GNSS区域站,无人值守,102,26,形变,2020年3月,48:10.0,,
H346GNSS区域站,无人值守,101,27,形变,2020年3月,48:10.0,,
H048GNSS区域站,无人值守,104,31,形变,2020年3月,48:10.0,,
H044GNSS区域站,无人值守,104,31,形变,2020年3月,48:10.0,,
F359GNSS区域站,无人值守,105,31,形变,2020年3月,48:10.0,,
H011GNSS区域站,无人值守,106,32,形变,2020年3月,48:10.0,,
H012GNSS区域站,无人值守,105,32,形变,2020年3月,48:10.0,,
H010GNSS区域站,无人值守,105,33,形变,2020年3月,48:10.0,,
H081GNSS区域站,无人值守,103,29,形变,2020年3月,48:10.0,,
H086GNSS区域站,无人值守,103,29,形变,2020年3月,48:10.0,,
H076GNSS区域站,无人值守,103,30,形变,2020年3月,48:10.0,,
H070GNSS区域站,无人值守,104,30,形变,2020年3月,48:10.0,,
H400GNSS区域站,无人值守,104,29,形变,2020年3月,48:10.0,,
JB36GNSS区域站,无人值守,104,29,形变,2020年3月,48:10.0,,
H084GNSS区域站,无人值守,104,29,形变,2020年3月,48:10.0,,
HB04GNSS区域站,无人值守,104,29,形变,2020年3月,48:10.0,,
F367GNSS区域站,无人值守,105,30,形变,2020年3月,48:10.0,,
J414GNSS区域站,无人值守,105,30,形变,2020年3月,48:10.0,,
F360GNSS区域站,无人值守,105,29,形变,2020年3月,48:10.0,,
F071GNSS区域站,无人值守,106,31,形变,2020年3月,48:10.0,,
JB24GNSS区域站,无人值守,106,31,形变,2020年3月,48:10.0,,
F383GNSS区域站,无人值守,108,31,形变,2020年3月,48:10.0,,
F389GNSS区域站,无人值守,108,32,形变,2020年3月,48:10.0,,
H061GNSS区域站,无人值守,103,30,形变,2020年3月,48:10.0,,
H384GNSS区域站,无人值守,103,30,形变,2020年3月,48:10.0,,
H077GNSS区域站,无人值守,103,29,形变,2020年3月,48:10.0,,
H391GNSS区域站,无人值守,103,30,形变,2020年3月,48:10.0,,
H082GNSS区域站,无人值守,102,29,形变,2020年3月,48:10.0,,
H363GNSS区域站,无人值守,102,29,形变,2020年3月,48:10.0,,
H366GNSS区域站,无人值守,102,29,形变,2020年3月,48:10.0,,
H073GNSS区域站,无人值守,102,30,形变,2020年3月,48:10.0,,
H368GNSS区域站,无人值守,102,30,形变,2020年3月,48:10.0,,
H372GNSS区域站,无人值守,103,30,形变,2020年3月,48:10.0,,
H377GNSS区域站,无人值守,103,30,形变,2020年3月,48:10.0,,
H065GNSS区域站,无人值守,103,30,形变,2020年3月,48:10.0,,
H072GNSS区域站,无人值守,103,30,形变,2020年3月,48:10.0,,
H028GNSS区域站,无人值守,102,33,形变,2020年3月,48:10.0,,
H037GNSS区域站,无人值守,103,32,形变,2020年3月,48:10.0,,
H031GNSS区域站,无人值守,102,33,形变,2020年3月,48:10.0,,
H040GNSS区域站,无人值守,102,32,形变,2020年3月,48:10.0,,
H047GNSS区域站,无人值守,102,31,形变,2020年3月,48:10.0,,
H046GNSS区域站,无人值守,103,32,形变,2020年3月,48:10.0,,
J413GNSS区域站,无人值守,103,32,形变,2020年3月,48:10.0,,
J411GNSS区域站,无人值守,102,32,形变,2020年3月,48:10.0,,
H036GNSS区域站,无人值守,104,32,形变,2020年3月,48:10.0,,
HB01GNSS区域站,无人值守,104,32,形变,2020年3月,48:10.0,,
J415GNSS区域站,无人值守,104,32,形变,2020年3月,48:10.0,,
H024GNSS区域站,无人值守,104,33,形变,2020年3月,48:10.0,,
J416GNSS区域站,无人值守,104,33,形变,2020年3月,48:10.0,,
JB33GNSS区域站,无人值守,104,33,形变,2020年3月,48:10.0,,
H041GNSS区域站,无人值守,101,32,形变,2020年3月,48:10.0,,
H026GNSS区域站,无人值守,103,34,形变,2020年3月,48:10.0,,
H025GNSS区域站,无人值守,103,33,形变,2020年3月,48:10.0,,
H030GNSS区域站,无人值守,104,33,形变,2020年3月,48:10.0,,
H034GNSS区域站,无人值守,104,32,形变,2020年3月,48:10.0,,
H045GNSS区域站,无人值守,104,31,形变,2020年3月,48:10.0,,
